Algorithm,SUT,failures_mean,failures_std,critical_ratio_mean,critical_ratio_std
LUNAR,ipa_yelp_gpt-4o,159.33333333333334,34.563950391508584,0.46983550441681615,0.07193127467716569
LUNAR_S,ipa_yelp_gpt-4o,78.5,5.958187643906492,0.23257619529437734,0.0174253612495743
SENSEI,ipa_yelp_gpt-4o,23.571428571428573,22.329779390290618,0.10338216281568417,0.09273125564543096
LUNAR,ipa_yelp_gpt-5-chat,85.55555555555556,34.5655576806997,0.3259320657132389,0.0940846788324497
LUNAR_S,ipa_yelp_gpt-5-chat,24.333333333333332,9.416297927883688,0.12383784253764336,0.02272158139162943
SENSEI,ipa_yelp_gpt-5-chat,7.5,5.072205903477571,0.03974490167284062,0.022861306843374153
