Algorithm,SUT,failures_mean,failures_std,critical_ratio_mean,critical_ratio_std
LUNAR,ipa_yelp_gpt-4o,419.8333333333333,127.14466825890368,0.5912633207909154,0.16488380895540172
LUNAR_S,ipa_yelp_gpt-4o,125.0,18.5903200617956,0.25577898240192337,0.030741442415399462
SENSEI,ipa_yelp_gpt-4o,23.5,4.135214625627067,0.05074486086141993,0.011851815378116522
LUNAR,ipa_yelp_gpt-5-chat,314.57142857142856,110.3326140100275,0.5969807976738826,0.10000762431638426
LUNAR_S,ipa_yelp_gpt-5-chat,84.0,34.90804246261066,0.329251049737877,0.04449833940255528
SENSEI,ipa_yelp_gpt-5-chat,17.166666666666668,3.488074922742725,0.05101685864925253,0.008441295536111766
