Algorithm,SUT,failures_mean,failures_std,critical_ratio_mean,critical_ratio_std
LUNAR,convqa_gpt-4o,13.285714285714286,7.973169292786187,0.09942983059256186,0.05557819328019024
LUNAR_S,convqa_gpt-4o,8.833333333333334,1.9407902170679516,0.0714917883980554,0.01612504537772421
SENSEI,convqa_gpt-4o,0.4444444444444444,1.3333333333333333,0.00522875816993464,0.01568627450980392
LUNAR,convqa_gpt-5-chat,13.5,13.771952173409064,0.1414875338158953,0.15768719244190912
LUNAR_S,convqa_gpt-5-chat,14.833333333333334,12.28684933848652,0.17051823479159714,0.19927675354181243
SENSEI,convqa_gpt-5-chat,0,0,0,0
